id,kode_provinsi,nama_provinsi,kode_bulan,nama_bulan,tingkat_pengangguran_terbuka,satuan,tahun
1,11,ACEH,2,FEBRUARI,5.4,PERSEN,2020
2,11,ACEH,8,AGUSTUS,6.59,PERSEN,2020
3,12,SUMATERA UTARA,2,FEBRUARI,4.71,PERSEN,2020
4,12,SUMATERA UTARA,8,AGUSTUS,6.91,PERSEN,2020
5,13,SUMATERA BARAT,2,FEBRUARI,5.25,PERSEN,2020
6,13,SUMATERA BARAT,8,AGUSTUS,6.88,PERSEN,2020
7,14,RIAU,2,FEBRUARI,4.92,PERSEN,2020
8,14,RIAU,8,AGUSTUS,6.32,PERSEN,2020
9,15,JAMBI,2,FEBRUARI,4.26,PERSEN,2020
10,15,JAMBI,8,AGUSTUS,5.13,PERSEN,2020
11,16,SUMATERA SELATAN,2,FEBRUARI,3.9,PERSEN,2020
12,16,SUMATERA SELATAN,8,AGUSTUS,5.51,PERSEN,2020
13,17,BENGKULU,2,FEBRUARI,3.08,PERSEN,2020
14,17,BENGKULU,8,AGUSTUS,4.07,PERSEN,2020
15,18,LAMPUNG,2,FEBRUARI,4.26,PERSEN,2020
16,18,LAMPUNG,8,AGUSTUS,4.67,PERSEN,2020
17,19,KEP. BANGKA BELITUNG,2,FEBRUARI,3.35,PERSEN,2020
18,19,KEP. BANGKA BELITUNG,8,AGUSTUS,5.25,PERSEN,2020
19,21,KEP. RIAU,2,FEBRUARI,5.98,PERSEN,2020
20,21,KEP. RIAU,8,AGUSTUS,10.34,PERSEN,2020
21,31,DKI JAKARTA,2,FEBRUARI,5.15,PERSEN,2020
22,31,DKI JAKARTA,8,AGUSTUS,10.95,PERSEN,2020
23,32,JAWA BARAT,2,FEBRUARI,7.71,PERSEN,2020
24,32,JAWA BARAT,8,AGUSTUS,10.46,PERSEN,2020
25,33,JAWA TENGAH,2,FEBRUARI,4.2,PERSEN,2020
26,33,JAWA TENGAH,8,AGUSTUS,6.48,PERSEN,2020
27,34,DI YOGYAKARTA,2,FEBRUARI,3.38,PERSEN,2020
28,34,DI YOGYAKARTA,8,AGUSTUS,4.57,PERSEN,2020
29,35,JAWA TIMUR,2,FEBRUARI,3.6,PERSEN,2020
30,35,JAWA TIMUR,8,AGUSTUS,5.84,PERSEN,2020
31,36,BANTEN,2,FEBRUARI,7.99,PERSEN,2020
32,36,BANTEN,8,AGUSTUS,10.64,PERSEN,2020
33,51,BALI,2,FEBRUARI,1.25,PERSEN,2020
34,51,BALI,8,AGUSTUS,5.63,PERSEN,2020
35,52,NUSA TENGGARA BARAT,2,FEBRUARI,3.04,PERSEN,2020
36,52,NUSA TENGGARA BARAT,8,AGUSTUS,4.22,PERSEN,2020
37,53,NUSA TENGGARA TIMUR,2,FEBRUARI,2.64,PERSEN,2020
38,53,NUSA TENGGARA TIMUR,8,AGUSTUS,4.28,PERSEN,2020
39,61,KALIMANTAN BARAT,2,FEBRUARI,4.47,PERSEN,2020
40,61,KALIMANTAN BARAT,8,AGUSTUS,5.81,PERSEN,2020
41,62,KALIMANTAN TENGAH,2,FEBRUARI,3.33,PERSEN,2020
42,62,KALIMANTAN TENGAH,8,AGUSTUS,4.58,PERSEN,2020
43,63,KALIMANTAN SELATAN,2,FEBRUARI,3.67,PERSEN,2020
44,63,KALIMANTAN SELATAN,8,AGUSTUS,4.74,PERSEN,2020
45,64,KALIMANTAN TIMUR,2,FEBRUARI,6.72,PERSEN,2020
46,64,KALIMANTAN TIMUR,8,AGUSTUS,6.87,PERSEN,2020
47,65,KALIMANTAN UTARA,2,FEBRUARI,5.71,PERSEN,2020
48,65,KALIMANTAN UTARA,8,AGUSTUS,4.97,PERSEN,2020
49,71,SULAWESI UTARA,2,FEBRUARI,5.34,PERSEN,2020
50,71,SULAWESI UTARA,8,AGUSTUS,7.37,PERSEN,2020
51,72,SULAWESI TENGAH,2,FEBRUARI,2.93,PERSEN,2020
52,72,SULAWESI TENGAH,8,AGUSTUS,3.77,PERSEN,2020
53,73,SULAWESI SELATAN,2,FEBRUARI,5.7,PERSEN,2020
54,73,SULAWESI SELATAN,8,AGUSTUS,6.31,PERSEN,2020
55,74,SULAWESI TENGGARA,2,FEBRUARI,3.1,PERSEN,2020
56,74,SULAWESI TENGGARA,8,AGUSTUS,4.58,PERSEN,2020
57,75,GORONTALO,2,FEBRUARI,3.29,PERSEN,2020
58,75,GORONTALO,8,AGUSTUS,4.28,PERSEN,2020
59,76,SULAWESI BARAT,2,FEBRUARI,2.39,PERSEN,2020
60,76,SULAWESI BARAT,8,AGUSTUS,3.32,PERSEN,2020
61,81,MALUKU,2,FEBRUARI,6.71,PERSEN,2020
62,81,MALUKU,8,AGUSTUS,7.57,PERSEN,2020
63,82,MALUKU UTARA,2,FEBRUARI,4.09,PERSEN,2020
64,82,MALUKU UTARA,8,AGUSTUS,5.15,PERSEN,2020
65,91,PAPUA BARAT,2,FEBRUARI,6.78,PERSEN,2020
66,91,PAPUA BARAT,8,AGUSTUS,6.8,PERSEN,2020
67,92,PAPUA BARAT DAYA,2,FEBRUARI,,PERSEN,2020
68,92,PAPUA BARAT DAYA,8,AGUSTUS,,PERSEN,2020
69,94,PAPUA,2,FEBRUARI,3.42,PERSEN,2020
70,94,PAPUA,8,AGUSTUS,4.28,PERSEN,2020
71,95,PAPUA SELATAN,2,FEBRUARI,,PERSEN,2020
72,95,PAPUA SELATAN,8,AGUSTUS,,PERSEN,2020
73,96,PAPUA TENGAH,2,FEBRUARI,,PERSEN,2020
74,96,PAPUA TENGAH,8,AGUSTUS,,PERSEN,2020
75,97,PAPUA PEGUNUNGAN,2,FEBRUARI,,PERSEN,2020
76,97,PAPUA PEGUNUNGAN,8,AGUSTUS,,PERSEN,2020
77,11,ACEH,2,FEBRUARI,6.3,PERSEN,2021
78,11,ACEH,8,AGUSTUS,6.3,PERSEN,2021
79,12,SUMATERA UTARA,2,FEBRUARI,6.01,PERSEN,2021
80,12,SUMATERA UTARA,8,AGUSTUS,6.33,PERSEN,2021
81,13,SUMATERA BARAT,2,FEBRUARI,6.67,PERSEN,2021
82,13,SUMATERA BARAT,8,AGUSTUS,6.52,PERSEN,2021
83,14,RIAU,2,FEBRUARI,4.96,PERSEN,2021
84,14,RIAU,8,AGUSTUS,4.42,PERSEN,2021
85,15,JAMBI,2,FEBRUARI,4.76,PERSEN,2021
86,15,JAMBI,8,AGUSTUS,5.09,PERSEN,2021
87,16,SUMATERA SELATAN,2,FEBRUARI,5.17,PERSEN,2021
88,16,SUMATERA SELATAN,8,AGUSTUS,4.98,PERSEN,2021
89,17,BENGKULU,2,FEBRUARI,3.72,PERSEN,2021
90,17,BENGKULU,8,AGUSTUS,3.65,PERSEN,2021
91,18,LAMPUNG,2,FEBRUARI,4.54,PERSEN,2021
92,18,LAMPUNG,8,AGUSTUS,4.69,PERSEN,2021
93,19,KEP. BANGKA BELITUNG,2,FEBRUARI,5.04,PERSEN,2021
94,19,KEP. BANGKA BELITUNG,8,AGUSTUS,5.03,PERSEN,2021
95,21,KEP. RIAU,2,FEBRUARI,10.12,PERSEN,2021
96,21,KEP. RIAU,8,AGUSTUS,9.91,PERSEN,2021
97,31,DKI JAKARTA,2,FEBRUARI,8.51,PERSEN,2021
98,31,DKI JAKARTA,8,AGUSTUS,8.5,PERSEN,2021
99,32,JAWA BARAT,2,FEBRUARI,8.92,PERSEN,2021
100,32,JAWA BARAT,8,AGUSTUS,9.82,PERSEN,2021
101,33,JAWA TENGAH,2,FEBRUARI,5.96,PERSEN,2021
102,33,JAWA TENGAH,8,AGUSTUS,5.95,PERSEN,2021
103,34,DI YOGYAKARTA,2,FEBRUARI,4.28,PERSEN,2021
104,34,DI YOGYAKARTA,8,AGUSTUS,4.56,PERSEN,2021
105,35,JAWA TIMUR,2,FEBRUARI,5.17,PERSEN,2021
106,35,JAWA TIMUR,8,AGUSTUS,5.74,PERSEN,2021
107,36,BANTEN,2,FEBRUARI,9.01,PERSEN,2021
108,36,BANTEN,8,AGUSTUS,8.98,PERSEN,2021
109,51,BALI,2,FEBRUARI,5.42,PERSEN,2021
110,51,BALI,8,AGUSTUS,5.37,PERSEN,2021
111,52,NUSA TENGGARA BARAT,2,FEBRUARI,3.97,PERSEN,2021
112,52,NUSA TENGGARA BARAT,8,AGUSTUS,3.01,PERSEN,2021
113,53,NUSA TENGGARA TIMUR,2,FEBRUARI,3.38,PERSEN,2021
114,53,NUSA TENGGARA TIMUR,8,AGUSTUS,3.77,PERSEN,2021
115,61,KALIMANTAN BARAT,2,FEBRUARI,5.73,PERSEN,2021
116,61,KALIMANTAN BARAT,8,AGUSTUS,5.82,PERSEN,2021
117,62,KALIMANTAN TENGAH,2,FEBRUARI,4.25,PERSEN,2021
118,62,KALIMANTAN TENGAH,8,AGUSTUS,4.53,PERSEN,2021
119,63,KALIMANTAN SELATAN,2,FEBRUARI,4.33,PERSEN,2021
120,63,KALIMANTAN SELATAN,8,AGUSTUS,4.95,PERSEN,2021
121,64,KALIMANTAN TIMUR,2,FEBRUARI,6.81,PERSEN,2021
122,64,KALIMANTAN TIMUR,8,AGUSTUS,6.83,PERSEN,2021
123,65,KALIMANTAN UTARA,2,FEBRUARI,4.67,PERSEN,2021
124,65,KALIMANTAN UTARA,8,AGUSTUS,4.58,PERSEN,2021
125,71,SULAWESI UTARA,2,FEBRUARI,7.28,PERSEN,2021
126,71,SULAWESI UTARA,8,AGUSTUS,7.06,PERSEN,2021
127,72,SULAWESI TENGAH,2,FEBRUARI,3.73,PERSEN,2021
128,72,SULAWESI TENGAH,8,AGUSTUS,3.75,PERSEN,2021
129,73,SULAWESI SELATAN,2,FEBRUARI,5.79,PERSEN,2021
130,73,SULAWESI SELATAN,8,AGUSTUS,5.72,PERSEN,2021
131,74,SULAWESI TENGGARA,2,FEBRUARI,4.22,PERSEN,2021
132,74,SULAWESI TENGGARA,8,AGUSTUS,3.92,PERSEN,2021
133,75,GORONTALO,2,FEBRUARI,3.41,PERSEN,2021
134,75,GORONTALO,8,AGUSTUS,3.01,PERSEN,2021
135,76,SULAWESI BARAT,2,FEBRUARI,3.28,PERSEN,2021
136,76,SULAWESI BARAT,8,AGUSTUS,3.13,PERSEN,2021
137,81,MALUKU,2,FEBRUARI,6.73,PERSEN,2021
138,81,MALUKU,8,AGUSTUS,6.93,PERSEN,2021
139,82,MALUKU UTARA,2,FEBRUARI,5.06,PERSEN,2021
140,82,MALUKU UTARA,8,AGUSTUS,4.71,PERSEN,2021
141,91,PAPUA BARAT,2,FEBRUARI,6.18,PERSEN,2021
142,91,PAPUA BARAT,8,AGUSTUS,5.84,PERSEN,2021
143,92,PAPUA BARAT DAYA,2,FEBRUARI,,PERSEN,2021
144,92,PAPUA BARAT DAYA,8,AGUSTUS,,PERSEN,2021
145,94,PAPUA,2,FEBRUARI,3.77,PERSEN,2021
146,94,PAPUA,8,AGUSTUS,3.33,PERSEN,2021
147,95,PAPUA SELATAN,2,FEBRUARI,,PERSEN,2021
148,95,PAPUA SELATAN,8,AGUSTUS,,PERSEN,2021
149,96,PAPUA TENGAH,2,FEBRUARI,,PERSEN,2021
150,96,PAPUA TENGAH,8,AGUSTUS,,PERSEN,2021
151,97,PAPUA PEGUNUNGAN,2,FEBRUARI,,PERSEN,2021
152,97,PAPUA PEGUNUNGAN,8,AGUSTUS,,PERSEN,2021
153,11,ACEH,2,FEBRUARI,5.97,PERSEN,2022
154,11,ACEH,8,AGUSTUS,6.17,PERSEN,2022
155,12,SUMATERA UTARA,2,FEBRUARI,5.47,PERSEN,2022
156,12,SUMATERA UTARA,8,AGUSTUS,6.16,PERSEN,2022
157,13,SUMATERA BARAT,2,FEBRUARI,6.17,PERSEN,2022
158,13,SUMATERA BARAT,8,AGUSTUS,6.28,PERSEN,2022
159,14,RIAU,2,FEBRUARI,4.4,PERSEN,2022
160,14,RIAU,8,AGUSTUS,4.37,PERSEN,2022
161,15,JAMBI,2,FEBRUARI,4.7,PERSEN,2022
162,15,JAMBI,8,AGUSTUS,4.59,PERSEN,2022
163,16,SUMATERA SELATAN,2,FEBRUARI,4.74,PERSEN,2022
164,16,SUMATERA SELATAN,8,AGUSTUS,4.63,PERSEN,2022
165,17,BENGKULU,2,FEBRUARI,3.39,PERSEN,2022
166,17,BENGKULU,8,AGUSTUS,3.59,PERSEN,2022
167,18,LAMPUNG,2,FEBRUARI,4.31,PERSEN,2022
168,18,LAMPUNG,8,AGUSTUS,4.52,PERSEN,2022
169,19,KEP. BANGKA BELITUNG,2,FEBRUARI,4.18,PERSEN,2022
170,19,KEP. BANGKA BELITUNG,8,AGUSTUS,4.77,PERSEN,2022
171,21,KEP. RIAU,2,FEBRUARI,8.02,PERSEN,2022
172,21,KEP. RIAU,8,AGUSTUS,8.23,PERSEN,2022
173,31,DKI JAKARTA,2,FEBRUARI,8.0,PERSEN,2022
174,31,DKI JAKARTA,8,AGUSTUS,7.18,PERSEN,2022
175,32,JAWA BARAT,2,FEBRUARI,8.35,PERSEN,2022
176,32,JAWA BARAT,8,AGUSTUS,8.31,PERSEN,2022
177,33,JAWA TENGAH,2,FEBRUARI,5.75,PERSEN,2022
178,33,JAWA TENGAH,8,AGUSTUS,5.57,PERSEN,2022
179,34,DI YOGYAKARTA,2,FEBRUARI,3.73,PERSEN,2022
180,34,DI YOGYAKARTA,8,AGUSTUS,4.06,PERSEN,2022
181,35,JAWA TIMUR,2,FEBRUARI,4.81,PERSEN,2022
182,35,JAWA TIMUR,8,AGUSTUS,5.49,PERSEN,2022
183,36,BANTEN,2,FEBRUARI,8.53,PERSEN,2022
184,36,BANTEN,8,AGUSTUS,8.09,PERSEN,2022
185,51,BALI,2,FEBRUARI,4.84,PERSEN,2022
186,51,BALI,8,AGUSTUS,4.8,PERSEN,2022
187,52,NUSA TENGGARA BARAT,2,FEBRUARI,3.92,PERSEN,2022
188,52,NUSA TENGGARA BARAT,8,AGUSTUS,2.89,PERSEN,2022
189,53,NUSA TENGGARA TIMUR,2,FEBRUARI,3.3,PERSEN,2022
190,53,NUSA TENGGARA TIMUR,8,AGUSTUS,3.54,PERSEN,2022
191,61,KALIMANTAN BARAT,2,FEBRUARI,4.86,PERSEN,2022
192,61,KALIMANTAN BARAT,8,AGUSTUS,5.11,PERSEN,2022
193,62,KALIMANTAN TENGAH,2,FEBRUARI,4.2,PERSEN,2022
194,62,KALIMANTAN TENGAH,8,AGUSTUS,4.26,PERSEN,2022
195,63,KALIMANTAN SELATAN,2,FEBRUARI,4.2,PERSEN,2022
196,63,KALIMANTAN SELATAN,8,AGUSTUS,4.74,PERSEN,2022
197,64,KALIMANTAN TIMUR,2,FEBRUARI,6.77,PERSEN,2022
198,64,KALIMANTAN TIMUR,8,AGUSTUS,5.71,PERSEN,2022
199,65,KALIMANTAN UTARA,2,FEBRUARI,4.62,PERSEN,2022
200,65,KALIMANTAN UTARA,8,AGUSTUS,4.33,PERSEN,2022
201,71,SULAWESI UTARA,2,FEBRUARI,6.51,PERSEN,2022
202,71,SULAWESI UTARA,8,AGUSTUS,6.61,PERSEN,2022
203,72,SULAWESI TENGAH,2,FEBRUARI,3.67,PERSEN,2022
204,72,SULAWESI TENGAH,8,AGUSTUS,3.0,PERSEN,2022
205,73,SULAWESI SELATAN,2,FEBRUARI,5.75,PERSEN,2022
206,73,SULAWESI SELATAN,8,AGUSTUS,4.51,PERSEN,2022
207,74,SULAWESI TENGGARA,2,FEBRUARI,3.86,PERSEN,2022
208,74,SULAWESI TENGGARA,8,AGUSTUS,3.36,PERSEN,2022
209,75,GORONTALO,2,FEBRUARI,3.25,PERSEN,2022
210,75,GORONTALO,8,AGUSTUS,2.58,PERSEN,2022
211,76,SULAWESI BARAT,2,FEBRUARI,3.11,PERSEN,2022
212,76,SULAWESI BARAT,8,AGUSTUS,2.34,PERSEN,2022
213,81,MALUKU,2,FEBRUARI,6.44,PERSEN,2022
214,81,MALUKU,8,AGUSTUS,6.88,PERSEN,2022
215,82,MALUKU UTARA,2,FEBRUARI,4.98,PERSEN,2022
216,82,MALUKU UTARA,8,AGUSTUS,3.98,PERSEN,2022
217,91,PAPUA BARAT,2,FEBRUARI,5.78,PERSEN,2022
218,91,PAPUA BARAT,8,AGUSTUS,5.37,PERSEN,2022
219,92,PAPUA BARAT DAYA,2,FEBRUARI,,PERSEN,2022
220,92,PAPUA BARAT DAYA,8,AGUSTUS,,PERSEN,2022
221,94,PAPUA,2,FEBRUARI,3.6,PERSEN,2022
222,94,PAPUA,8,AGUSTUS,2.83,PERSEN,2022
223,95,PAPUA SELATAN,2,FEBRUARI,,PERSEN,2022
224,95,PAPUA SELATAN,8,AGUSTUS,,PERSEN,2022
225,96,PAPUA TENGAH,2,FEBRUARI,,PERSEN,2022
226,96,PAPUA TENGAH,8,AGUSTUS,,PERSEN,2022
227,97,PAPUA PEGUNUNGAN,2,FEBRUARI,,PERSEN,2022
228,97,PAPUA PEGUNUNGAN,8,AGUSTUS,,PERSEN,2022
229,11,ACEH,2,FEBRUARI,5.75,PERSEN,2023
230,11,ACEH,8,AGUSTUS,6.03,PERSEN,2023
231,12,SUMATERA UTARA,2,FEBRUARI,5.24,PERSEN,2023
232,12,SUMATERA UTARA,8,AGUSTUS,5.89,PERSEN,2023
233,13,SUMATERA BARAT,2,FEBRUARI,5.9,PERSEN,2023
234,13,SUMATERA BARAT,8,AGUSTUS,5.94,PERSEN,2023
235,14,RIAU,2,FEBRUARI,4.25,PERSEN,2023
236,14,RIAU,8,AGUSTUS,4.23,PERSEN,2023
237,15,JAMBI,2,FEBRUARI,4.5,PERSEN,2023
238,15,JAMBI,8,AGUSTUS,4.53,PERSEN,2023
239,16,SUMATERA SELATAN,2,FEBRUARI,4.53,PERSEN,2023
240,16,SUMATERA SELATAN,8,AGUSTUS,4.11,PERSEN,2023
241,17,BENGKULU,2,FEBRUARI,3.21,PERSEN,2023
242,17,BENGKULU,8,AGUSTUS,3.42,PERSEN,2023
243,18,LAMPUNG,2,FEBRUARI,4.18,PERSEN,2023
244,18,LAMPUNG,8,AGUSTUS,4.23,PERSEN,2023
245,19,KEP. BANGKA BELITUNG,2,FEBRUARI,3.89,PERSEN,2023
246,19,KEP. BANGKA BELITUNG,8,AGUSTUS,4.56,PERSEN,2023
247,21,KEP. RIAU,2,FEBRUARI,7.61,PERSEN,2023
248,21,KEP. RIAU,8,AGUSTUS,6.8,PERSEN,2023
249,31,DKI JAKARTA,2,FEBRUARI,7.57,PERSEN,2023
250,31,DKI JAKARTA,8,AGUSTUS,6.53,PERSEN,2023
251,32,JAWA BARAT,2,FEBRUARI,7.89,PERSEN,2023
252,32,JAWA BARAT,8,AGUSTUS,7.44,PERSEN,2023
253,33,JAWA TENGAH,2,FEBRUARI,5.24,PERSEN,2023
254,33,JAWA TENGAH,8,AGUSTUS,5.13,PERSEN,2023
255,34,DI YOGYAKARTA,2,FEBRUARI,3.58,PERSEN,2023
256,34,DI YOGYAKARTA,8,AGUSTUS,3.69,PERSEN,2023
257,35,JAWA TIMUR,2,FEBRUARI,4.33,PERSEN,2023
258,35,JAWA TIMUR,8,AGUSTUS,4.88,PERSEN,2023
259,36,BANTEN,2,FEBRUARI,7.97,PERSEN,2023
260,36,BANTEN,8,AGUSTUS,7.52,PERSEN,2023
261,51,BALI,2,FEBRUARI,3.73,PERSEN,2023
262,51,BALI,8,AGUSTUS,2.69,PERSEN,2023
263,52,NUSA TENGGARA BARAT,2,FEBRUARI,3.73,PERSEN,2023
264,52,NUSA TENGGARA BARAT,8,AGUSTUS,2.8,PERSEN,2023
265,53,NUSA TENGGARA TIMUR,2,FEBRUARI,3.1,PERSEN,2023
266,53,NUSA TENGGARA TIMUR,8,AGUSTUS,3.14,PERSEN,2023
267,61,KALIMANTAN BARAT,2,FEBRUARI,4.52,PERSEN,2023
268,61,KALIMANTAN BARAT,8,AGUSTUS,5.05,PERSEN,2023
269,62,KALIMANTAN TENGAH,2,FEBRUARI,3.84,PERSEN,2023
270,62,KALIMANTAN TENGAH,8,AGUSTUS,4.1,PERSEN,2023
271,63,KALIMANTAN SELATAN,2,FEBRUARI,3.95,PERSEN,2023
272,63,KALIMANTAN SELATAN,8,AGUSTUS,4.31,PERSEN,2023
273,64,KALIMANTAN TIMUR,2,FEBRUARI,6.37,PERSEN,2023
274,64,KALIMANTAN TIMUR,8,AGUSTUS,5.31,PERSEN,2023
275,65,KALIMANTAN UTARA,2,FEBRUARI,4.1,PERSEN,2023
276,65,KALIMANTAN UTARA,8,AGUSTUS,4.01,PERSEN,2023
277,71,SULAWESI UTARA,2,FEBRUARI,6.19,PERSEN,2023
278,71,SULAWESI UTARA,8,AGUSTUS,6.1,PERSEN,2023
279,72,SULAWESI TENGAH,2,FEBRUARI,3.49,PERSEN,2023
280,72,SULAWESI TENGAH,8,AGUSTUS,2.95,PERSEN,2023
281,73,SULAWESI SELATAN,2,FEBRUARI,5.26,PERSEN,2023
282,73,SULAWESI SELATAN,8,AGUSTUS,4.33,PERSEN,2023
283,74,SULAWESI TENGGARA,2,FEBRUARI,3.66,PERSEN,2023
284,74,SULAWESI TENGGARA,8,AGUSTUS,3.15,PERSEN,2023
285,75,GORONTALO,2,FEBRUARI,3.07,PERSEN,2023
286,75,GORONTALO,8,AGUSTUS,3.06,PERSEN,2023
287,76,SULAWESI BARAT,2,FEBRUARI,3.04,PERSEN,2023
288,76,SULAWESI BARAT,8,AGUSTUS,2.27,PERSEN,2023
289,81,MALUKU,2,FEBRUARI,6.08,PERSEN,2023
290,81,MALUKU,8,AGUSTUS,6.31,PERSEN,2023
291,82,MALUKU UTARA,2,FEBRUARI,4.6,PERSEN,2023
292,82,MALUKU UTARA,8,AGUSTUS,4.31,PERSEN,2023
293,91,PAPUA BARAT,2,FEBRUARI,5.53,PERSEN,2023
294,91,PAPUA BARAT,8,AGUSTUS,5.38,PERSEN,2023
295,92,PAPUA BARAT DAYA,2,FEBRUARI,,PERSEN,2023
296,92,PAPUA BARAT DAYA,8,AGUSTUS,,PERSEN,2023
297,94,PAPUA,2,FEBRUARI,3.49,PERSEN,2023
298,94,PAPUA,8,AGUSTUS,2.67,PERSEN,2023
299,95,PAPUA SELATAN,2,FEBRUARI,,PERSEN,2023
300,95,PAPUA SELATAN,8,AGUSTUS,,PERSEN,2023
301,96,PAPUA TENGAH,2,FEBRUARI,,PERSEN,2023
302,96,PAPUA TENGAH,8,AGUSTUS,,PERSEN,2023
303,97,PAPUA PEGUNUNGAN,2,FEBRUARI,,PERSEN,2023
304,97,PAPUA PEGUNUNGAN,8,AGUSTUS,,PERSEN,2023
305,11,ACEH,2,FEBRUARI,5.56,PERSEN,2024
306,11,ACEH,8,AGUSTUS,5.75,PERSEN,2024
307,12,SUMATERA UTARA,2,FEBRUARI,5.1,PERSEN,2024
308,12,SUMATERA UTARA,8,AGUSTUS,5.6,PERSEN,2024
309,13,SUMATERA BARAT,2,FEBRUARI,5.79,PERSEN,2024
310,13,SUMATERA BARAT,8,AGUSTUS,5.75,PERSEN,2024
311,14,RIAU,2,FEBRUARI,3.85,PERSEN,2024
312,14,RIAU,8,AGUSTUS,3.7,PERSEN,2024
313,15,JAMBI,2,FEBRUARI,4.45,PERSEN,2024
314,15,JAMBI,8,AGUSTUS,4.48,PERSEN,2024
315,16,SUMATERA SELATAN,2,FEBRUARI,3.97,PERSEN,2024
316,16,SUMATERA SELATAN,8,AGUSTUS,3.86,PERSEN,2024
317,17,BENGKULU,2,FEBRUARI,3.17,PERSEN,2024
318,17,BENGKULU,8,AGUSTUS,3.11,PERSEN,2024
319,18,LAMPUNG,2,FEBRUARI,4.12,PERSEN,2024
320,18,LAMPUNG,8,AGUSTUS,4.19,PERSEN,2024
321,19,KEP. BANGKA BELITUNG,2,FEBRUARI,3.85,PERSEN,2024
322,19,KEP. BANGKA BELITUNG,8,AGUSTUS,4.63,PERSEN,2024
323,21,KEP. RIAU,2,FEBRUARI,6.94,PERSEN,2024
324,21,KEP. RIAU,8,AGUSTUS,6.39,PERSEN,2024
325,31,DKI JAKARTA,2,FEBRUARI,6.03,PERSEN,2024
326,31,DKI JAKARTA,8,AGUSTUS,6.21,PERSEN,2024
327,32,JAWA BARAT,2,FEBRUARI,6.91,PERSEN,2024
328,32,JAWA BARAT,8,AGUSTUS,6.75,PERSEN,2024
329,33,JAWA TENGAH,2,FEBRUARI,4.39,PERSEN,2024
330,33,JAWA TENGAH,8,AGUSTUS,4.78,PERSEN,2024
331,34,DI YOGYAKARTA,2,FEBRUARI,3.24,PERSEN,2024
332,34,DI YOGYAKARTA,8,AGUSTUS,3.48,PERSEN,2024
333,35,JAWA TIMUR,2,FEBRUARI,3.74,PERSEN,2024
334,35,JAWA TIMUR,8,AGUSTUS,4.19,PERSEN,2024
335,36,BANTEN,2,FEBRUARI,7.02,PERSEN,2024
336,36,BANTEN,8,AGUSTUS,6.68,PERSEN,2024
337,51,BALI,2,FEBRUARI,1.87,PERSEN,2024
338,51,BALI,8,AGUSTUS,1.79,PERSEN,2024
339,52,NUSA TENGGARA BARAT,2,FEBRUARI,3.3,PERSEN,2024
340,52,NUSA TENGGARA BARAT,8,AGUSTUS,2.73,PERSEN,2024
341,53,NUSA TENGGARA TIMUR,2,FEBRUARI,3.17,PERSEN,2024
342,53,NUSA TENGGARA TIMUR,8,AGUSTUS,3.02,PERSEN,2024
343,61,KALIMANTAN BARAT,2,FEBRUARI,4.2,PERSEN,2024
344,61,KALIMANTAN BARAT,8,AGUSTUS,4.86,PERSEN,2024
345,62,KALIMANTAN TENGAH,2,FEBRUARI,3.67,PERSEN,2024
346,62,KALIMANTAN TENGAH,8,AGUSTUS,4.01,PERSEN,2024
347,63,KALIMANTAN SELATAN,2,FEBRUARI,3.89,PERSEN,2024
348,63,KALIMANTAN SELATAN,8,AGUSTUS,4.2,PERSEN,2024
349,64,KALIMANTAN TIMUR,2,FEBRUARI,5.75,PERSEN,2024
350,64,KALIMANTAN TIMUR,8,AGUSTUS,5.14,PERSEN,2024
351,65,KALIMANTAN UTARA,2,FEBRUARI,4.01,PERSEN,2024
352,65,KALIMANTAN UTARA,8,AGUSTUS,3.9,PERSEN,2024
353,71,SULAWESI UTARA,2,FEBRUARI,5.98,PERSEN,2024
354,71,SULAWESI UTARA,8,AGUSTUS,5.85,PERSEN,2024
355,72,SULAWESI TENGAH,2,FEBRUARI,3.15,PERSEN,2024
356,72,SULAWESI TENGAH,8,AGUSTUS,2.94,PERSEN,2024
357,73,SULAWESI SELATAN,2,FEBRUARI,4.9,PERSEN,2024
358,73,SULAWESI SELATAN,8,AGUSTUS,4.19,PERSEN,2024
359,74,SULAWESI TENGGARA,2,FEBRUARI,3.22,PERSEN,2024
360,74,SULAWESI TENGGARA,8,AGUSTUS,3.09,PERSEN,2024
361,75,GORONTALO,2,FEBRUARI,3.05,PERSEN,2024
362,75,GORONTALO,8,AGUSTUS,3.13,PERSEN,2024
363,76,SULAWESI BARAT,2,FEBRUARI,3.02,PERSEN,2024
364,76,SULAWESI BARAT,8,AGUSTUS,2.68,PERSEN,2024
365,81,MALUKU,2,FEBRUARI,5.96,PERSEN,2024
366,81,MALUKU,8,AGUSTUS,6.11,PERSEN,2024
367,82,MALUKU UTARA,2,FEBRUARI,4.16,PERSEN,2024
368,82,MALUKU UTARA,8,AGUSTUS,4.03,PERSEN,2024
369,91,PAPUA BARAT,2,FEBRUARI,4.31,PERSEN,2024
370,91,PAPUA BARAT,8,AGUSTUS,4.13,PERSEN,2024
371,92,PAPUA BARAT DAYA,2,FEBRUARI,6.02,PERSEN,2024
372,92,PAPUA BARAT DAYA,8,AGUSTUS,6.48,PERSEN,2024
373,94,PAPUA,2,FEBRUARI,5.81,PERSEN,2024
374,94,PAPUA,8,AGUSTUS,6.48,PERSEN,2024
375,95,PAPUA SELATAN,2,FEBRUARI,4.75,PERSEN,2024
376,95,PAPUA SELATAN,8,AGUSTUS,4.05,PERSEN,2024
377,96,PAPUA TENGAH,2,FEBRUARI,2.49,PERSEN,2024
378,96,PAPUA TENGAH,8,AGUSTUS,2.75,PERSEN,2024
379,97,PAPUA PEGUNUNGAN,2,FEBRUARI,1.18,PERSEN,2024
380,97,PAPUA PEGUNUNGAN,8,AGUSTUS,1.32,PERSEN,2024
381,11,ACEH,2,FEBRUARI,5.5,PERSEN,2025
382,11,ACEH,8,AGUSTUS,,PERSEN,2025
383,12,SUMATERA UTARA,2,FEBRUARI,5.05,PERSEN,2025
384,12,SUMATERA UTARA,8,AGUSTUS,,PERSEN,2025
385,13,SUMATERA BARAT,2,FEBRUARI,5.69,PERSEN,2025
386,13,SUMATERA BARAT,8,AGUSTUS,,PERSEN,2025
387,14,RIAU,2,FEBRUARI,4.12,PERSEN,2025
388,14,RIAU,8,AGUSTUS,,PERSEN,2025
389,15,JAMBI,2,FEBRUARI,4.48,PERSEN,2025
390,15,JAMBI,8,AGUSTUS,,PERSEN,2025
391,16,SUMATERA SELATAN,2,FEBRUARI,3.89,PERSEN,2025
392,16,SUMATERA SELATAN,8,AGUSTUS,,PERSEN,2025
393,17,BENGKULU,2,FEBRUARI,3.24,PERSEN,2025
394,17,BENGKULU,8,AGUSTUS,,PERSEN,2025
395,18,LAMPUNG,2,FEBRUARI,4.07,PERSEN,2025
396,18,LAMPUNG,8,AGUSTUS,,PERSEN,2025
397,19,KEP. BANGKA BELITUNG,2,FEBRUARI,4.17,PERSEN,2025
398,19,KEP. BANGKA BELITUNG,8,AGUSTUS,,PERSEN,2025
399,21,KEP. RIAU,2,FEBRUARI,6.89,PERSEN,2025
400,21,KEP. RIAU,8,AGUSTUS,,PERSEN,2025
401,31,DKI JAKARTA,2,FEBRUARI,6.18,PERSEN,2025
402,31,DKI JAKARTA,8,AGUSTUS,,PERSEN,2025
403,32,JAWA BARAT,2,FEBRUARI,6.74,PERSEN,2025
404,32,JAWA BARAT,8,AGUSTUS,,PERSEN,2025
405,33,JAWA TENGAH,2,FEBRUARI,4.33,PERSEN,2025
406,33,JAWA TENGAH,8,AGUSTUS,,PERSEN,2025
407,34,DI YOGYAKARTA,2,FEBRUARI,3.18,PERSEN,2025
408,34,DI YOGYAKARTA,8,AGUSTUS,,PERSEN,2025
409,35,JAWA TIMUR,2,FEBRUARI,3.61,PERSEN,2025
410,35,JAWA TIMUR,8,AGUSTUS,,PERSEN,2025
411,36,BANTEN,2,FEBRUARI,6.64,PERSEN,2025
412,36,BANTEN,8,AGUSTUS,,PERSEN,2025
413,51,BALI,2,FEBRUARI,1.58,PERSEN,2025
414,51,BALI,8,AGUSTUS,,PERSEN,2025
415,52,NUSA TENGGARA BARAT,2,FEBRUARI,3.22,PERSEN,2025
416,52,NUSA TENGGARA BARAT,8,AGUSTUS,,PERSEN,2025
417,53,NUSA TENGGARA TIMUR,2,FEBRUARI,3.23,PERSEN,2025
418,53,NUSA TENGGARA TIMUR,8,AGUSTUS,,PERSEN,2025
419,61,KALIMANTAN BARAT,2,FEBRUARI,4.23,PERSEN,2025
420,61,KALIMANTAN BARAT,8,AGUSTUS,,PERSEN,2025
421,62,KALIMANTAN TENGAH,2,FEBRUARI,3.47,PERSEN,2025
422,62,KALIMANTAN TENGAH,8,AGUSTUS,,PERSEN,2025
423,63,KALIMANTAN SELATAN,2,FEBRUARI,3.94,PERSEN,2025
424,63,KALIMANTAN SELATAN,8,AGUSTUS,,PERSEN,2025
425,64,KALIMANTAN TIMUR,2,FEBRUARI,5.33,PERSEN,2025
426,64,KALIMANTAN TIMUR,8,AGUSTUS,,PERSEN,2025
427,65,KALIMANTAN UTARA,2,FEBRUARI,3.9,PERSEN,2025
428,65,KALIMANTAN UTARA,8,AGUSTUS,,PERSEN,2025
429,71,SULAWESI UTARA,2,FEBRUARI,6.03,PERSEN,2025
430,71,SULAWESI UTARA,8,AGUSTUS,,PERSEN,2025
431,72,SULAWESI TENGAH,2,FEBRUARI,3.02,PERSEN,2025
432,72,SULAWESI TENGAH,8,AGUSTUS,,PERSEN,2025
433,73,SULAWESI SELATAN,2,FEBRUARI,4.96,PERSEN,2025
434,73,SULAWESI SELATAN,8,AGUSTUS,,PERSEN,2025
435,74,SULAWESI TENGGARA,2,FEBRUARI,3.27,PERSEN,2025
436,74,SULAWESI TENGGARA,8,AGUSTUS,,PERSEN,2025
437,75,GORONTALO,2,FEBRUARI,3.12,PERSEN,2025
438,75,GORONTALO,8,AGUSTUS,,PERSEN,2025
439,76,SULAWESI BARAT,2,FEBRUARI,3.17,PERSEN,2025
440,76,SULAWESI BARAT,8,AGUSTUS,,PERSEN,2025
441,81,MALUKU,2,FEBRUARI,5.95,PERSEN,2025
442,81,MALUKU,8,AGUSTUS,,PERSEN,2025
443,82,MALUKU UTARA,2,FEBRUARI,4.26,PERSEN,2025
444,82,MALUKU UTARA,8,AGUSTUS,,PERSEN,2025
445,91,PAPUA BARAT,2,FEBRUARI,4.21,PERSEN,2025
446,91,PAPUA BARAT,8,AGUSTUS,,PERSEN,2025
447,92,PAPUA BARAT DAYA,2,FEBRUARI,6.61,PERSEN,2025
448,92,PAPUA BARAT DAYA,8,AGUSTUS,,PERSEN,2025
449,94,PAPUA,2,FEBRUARI,6.92,PERSEN,2025
450,94,PAPUA,8,AGUSTUS,,PERSEN,2025
451,95,PAPUA SELATAN,2,FEBRUARI,4.9,PERSEN,2025
452,95,PAPUA SELATAN,8,AGUSTUS,,PERSEN,2025
453,96,PAPUA TENGAH,2,FEBRUARI,3.55,PERSEN,2025
454,96,PAPUA TENGAH,8,AGUSTUS,,PERSEN,2025
455,97,PAPUA PEGUNUNGAN,2,FEBRUARI,1.68,PERSEN,2025
456,97,PAPUA PEGUNUNGAN,8,AGUSTUS,,PERSEN,2025
